{"_timestamp":1.7611661266560276e+09,"_step":0,"val_pr":0.7748898111127435,"val_auc":0.9613357915244707,"_wandb":{"runtime":0},"_runtime":0,"val_brier":0.0769700223477802}