{"test_brier":0.09374674023193559,"_step":0,"val_pr":0.5521451363333809,"test_auc":0.862197465971051,"val_auc":0.8760574798310647,"val_brier":0.08568884845717047,"_timestamp":1.76116526527388e+09,"_runtime":81,"_wandb":{"runtime":81},"test_pr":0.4755043529956779}