{"val_auc":0.8651786764994313,"val_brier":0.10900619637858085,"_timestamp":1.7612232576380358e+09,"_wandb":{"runtime":1},"_runtime":1,"_step":0,"val_pr":0.5195624317996321}