{"_step":0,"val_pr":0.4895375986978996,"_wandb":{"runtime":0},"_runtime":0,"val_auc":0.858941670262425,"val_brier":0.1247530319040298,"_timestamp":1.7618284381392827e+09}