{"val_brier":0.05917924639169017,"_timestamp":1.7611622497552729e+09,"_wandb":{"runtime":1},"_runtime":1,"_step":0,"val_pr":0.8861940846807344,"val_auc":0.9823611710404163}