{"val_brier":0.059179246391690185,"_timestamp":1.761162207736478e+09,"_step":0,"_wandb":{"runtime":1},"_runtime":1,"val_pr":0.8861940846807344,"val_auc":0.9823611710404163}