{"val_auc":0.980517527687339,"val_brier":0.05970096945168347,"_timestamp":1.7611621859697626e+09,"_wandb":{"runtime":0},"_runtime":0,"_step":0,"val_pr":0.8685513914216236}