{"val_brier":0.08952397598465073,"_timestamp":1.7612201727711513e+09,"_step":0,"_wandb":{"runtime":2},"_runtime":2,"val_pr":0.7380488297859656,"val_auc":0.9527713489977642}