{"val_auc":0.9814458871062645,"val_brier":0.06032035641956661,"_timestamp":1.7612201479293768e+09,"_wandb":{"runtime":1},"_runtime":1,"_step":0,"val_pr":0.877866278572404}