{"val_pr":0.8861940846807344,"val_auc":0.9823611710404163,"val_brier":0.059179246391690185,"_timestamp":1.7611622172086632e+09,"_step":0,"_wandb":{"runtime":1},"_runtime":1}