{"_runtime":1,"val_pr":0.5250041676391239,"val_auc":0.8672969050327541,"val_brier":0.1081455626823292,"_timestamp":1.7618286474461749e+09,"_step":0,"_wandb":{"runtime":1}}