{"val_auc":0.9769348448593732,"val_brier":0.07078189579857357,"_timestamp":1.7611661554440408e+09,"_wandb":{"runtime":4},"_runtime":4,"_step":0,"val_pr":0.8563899099476051}