{"val_pr":0.8650562919088205,"val_auc":0.979053073392696,"val_brier":0.06164032095077831,"_timestamp":1.7611661629108996e+09,"_step":0,"_wandb":{"runtime":0},"_runtime":0}