{"_wandb":{"runtime":3},"_runtime":3,"val_auc":0.9823611710404163,"val_brier":0.05917924639169019,"_timestamp":1.7611622628145773e+09,"_step":0,"val_pr":0.8861940846807344}