{"_timestamp":1.7618283933671894e+09,"_step":0,"val_pr":0.5133385776774856,"val_auc":0.860536879404804,"val_brier":0.10989231175540509,"_wandb":{"runtime":0},"_runtime":0}