{"_step":0,"_wandb":{"runtime":0},"_runtime":0,"val_pr":0.4691589328977453,"val_auc":0.8586540095974059,"val_brier":0.09855839446603586,"_timestamp":1.7612219123468642e+09}