{"_step":0,"val_pr":0.5080669092835363,"val_auc":0.8558297048863086,"val_brier":0.11086756094015282,"_wandb":{"runtime":0},"_runtime":0,"_timestamp":1.761221901012207e+09}