{"_timestamp":1.7612201845426884e+09,"_step":0,"val_pr":0.736979696192406,"val_auc":0.9527974999673114,"val_brier":0.08858807456235934,"_wandb":{"runtime":2},"_runtime":2}