{"_timestamp":1.7611622963616037e+09,"_step":0,"val_pr":0.8861940846807344,"val_auc":0.9823611710404163,"_wandb":{"runtime":1},"_runtime":1,"val_brier":0.05917924639169019}