{"_runtime":0,"_timestamp":1.761166135929275e+09,"_step":0,"val_pr":0.7811617126215828,"val_auc":0.9637939826619071,"val_brier":0.07413703754532841,"_wandb":{"runtime":0}}