{"val_brier":0.09960288067462311,"_timestamp":1.761828317395249e+09,"_step":0,"_wandb":{"runtime":2},"_runtime":2,"val_pr":0.49981586418015617,"val_auc":0.8657278468599222}