{"_runtime":0,"_timestamp":1.7612218904657283e+09,"_step":0,"val_pr":0.4836318834050938,"val_auc":0.8621713150015037,"val_brier":0.11363559089745305,"_wandb":{"runtime":0}}