{"val_pr":0.8382504791994712,"val_auc":0.9724368780972554,"_wandb":{"runtime":2},"_runtime":2,"val_brier":0.07235976368549707,"_timestamp":1.7611661750586035e+09,"_step":0}