{"_runtime":1,"val_pr":0.8515772540093496,"val_auc":0.9767517880725428,"val_brier":0.06718658381551826,"_timestamp":1.7612201595521407e+09,"_step":0,"_wandb":{"runtime":1}}