{"val_pr":0.8218619798149944,"val_auc":0.9696125733861582,"val_brier":0.07886935484899571,"_timestamp":1.7611621968671582e+09,"_wandb":{"runtime":1},"_runtime":1,"_step":0}