{"val_pr":0.7671851110335796,"val_auc":0.958956053295676,"val_brier":0.08590921308122772,"_timestamp":1.761162228928283e+09,"_wandb":{"runtime":1},"_runtime":1,"_step":0}