{"_runtime":1,"val_brier":0.0560426564417914,"_timestamp":1.761162318898062e+09,"_step":0,"val_pr":0.8872130571776922,"val_auc":0.9835902666091346,"_wandb":{"runtime":1}}