{"_runtime":1,"val_auc":0.860536879404804,"val_brier":0.1098923117554051,"_timestamp":1.7612219233003514e+09,"_step":0,"val_pr":0.5133385776774856,"_wandb":{"runtime":1}}