{"_step":0,"val_pr":0.7758393318175353,"val_auc":0.9613619424940179,"val_brier":0.0751973933354669,"_timestamp":1.7611622394876719e+09,"_wandb":{"runtime":1},"_runtime":1}