{"_step":0,"test_auc":0.862197465971051,"test_brier":0.09374674023193559,"val_pr":0.5521451363333809,"val_brier":0.08568884845717047,"_timestamp":1.7611653490211678e+09,"val_auc":0.8760574798310647,"_runtime":134,"test_pr":0.4755043529956779,"_wandb":{"runtime":134}}