{"_timestamp":1.7611622736827548e+09,"_wandb":{"runtime":4},"_runtime":4,"_step":0,"val_pr":0.8872130571776922,"val_auc":0.9835902666091346,"val_brier":0.0560426564417914}